y_true,mu_pred,sigma2,sigma
-0.019881064,0.0022669542,4.857255e-06,0.002203918
0.008646084,0.0033137568,1.3898873e-05,0.0037281192
0.018576238,0.0031601645,9.274327e-06,0.003045378
0.00088686706,0.002706534,1.0298747e-05,0.003209166
-0.0058547216,0.0020607198,1.0637405e-05,0.0032615035
0.016029276,0.0041984497,1.2885512e-05,0.0035896394
-0.003526872,0.0028280187,6.827701e-06,0.002612987
0.0037622864,0.0031437639,7.123967e-06,0.002669076
0.002884417,0.002924418,6.5451836e-06,0.0025583557
-0.0042869593,0.0026765773,9.598438e-06,0.0030981346
-0.016701566,0.0032707455,1.0886071e-05,0.0032994046
-0.012838669,0.0031698293,6.3039397e-06,0.0025107649
0.014384429,0.0026804495,4.218686e-06,0.0020539442
-0.010551741,0.0032355431,1.1847454e-05,0.003442013
-0.021050604,0.003441786,9.200668e-06,0.00303326
-0.0053129247,0.0030200384,1.3387715e-05,0.0036589226
-0.0131669445,0.0032478126,9.474056e-06,0.0030779955
0.034792513,0.0030194265,5.204388e-06,0.0022813128
0.011104117,0.0029443458,1.3420478e-05,0.0036633972
-0.002570133,0.003513714,6.1548494e-06,0.002480897
-0.006900731,0.0033813382,1.0213525e-05,0.0031958604
-0.017665278,0.0027227942,1.0613149e-05,0.003257783
-0.0030011022,0.0038727773,1.4620042e-05,0.0038236163
-0.0061878557,0.0027233104,4.9927316e-06,0.0022344422
-0.012606476,0.0028166163,1.4817351e-05,0.0038493313
0.024003867,0.0034597232,1.7134718e-05,0.0041394103
0.0028179334,0.0029827284,9.5145215e-06,0.0030845618
0.020513833,0.0035458491,9.2189275e-06,0.0030362688
-0.0031995482,0.0028375862,8.135923e-06,0.002852354
-0.009051437,0.0035952935,7.695097e-06,0.002774004
-0.024893664,0.0026622405,9.097979e-06,0.0030162856
-7.9504374e-05,0.0032198376,7.511561e-06,0.0027407226
0.030561429,0.0032102114,7.790609e-06,0.0027911663
0.0068487125,0.0033311031,7.784588e-06,0.0027900874
0.0016502487,0.0046737706,1.7827484e-05,0.0042222603
-0.012814406,0.0028720018,6.003307e-06,0.0024501646
-0.0105747,0.0027070832,5.00079e-06,0.0022362447
0.020272033,0.0023498219,1.0765616e-05,0.0032810997
0.052263405,0.003469844,8.974862e-06,0.0029958074
0.014234726,0.0028258848,5.8202804e-06,0.0024125257
0.005876119,0.0034316957,9.9158715e-06,0.0031489476
0.0,0.0038342802,1.618395e-05,0.004022928
0.0,0.003327179,6.8120335e-06,0.0026099873
0.0,0.0031153073,2.2996222e-05,0.0047954377
-0.01378919,0.0033959725,7.3322803e-06,0.0027078183
-0.01369905,0.0025505207,1.6929609e-05,0.004114561
-0.0018449685,0.0032827344,1.3090171e-05,0.003618034
-0.0006193011,0.0022916982,2.5435682e-05,0.00504338
0.017577665,0.0025555012,5.535805e-06,0.002352829
-0.005015837,0.0027948078,8.6215005e-06,0.0029362391
0.0,0.003202213,1.3866503e-05,0.0037237753
0.007961899,0.0033011117,9.589865e-06,0.0030967507
-0.00054528116,0.0017401907,1.3216899e-05,0.0036355052
0.020252917,0.003493956,8.119606e-06,0.0028494922
0.016721739,0.003044507,1.41515375e-05,0.0037618529
-0.0036863005,0.0036891517,1.2045324e-05,0.0034706374
0.0,0.00341789,1.0360649e-05,0.003218796
0.016095702,0.003569563,1.0336365e-05,0.003215022
0.006658319,0.003603109,1.1416033e-05,0.003378762
-0.0009541311,0.0031180948,6.541398e-06,0.0025576157
0.006736786,0.003290222,9.878032e-06,0.0031429336
-0.008618337,0.0036119716,1.2101132e-05,0.0034786682
0.0020276387,0.0028983685,9.1188485e-06,0.0030197431
-0.0048811324,0.0031721415,8.22649e-06,0.0028681858
-0.016040068,0.004088713,8.056324e-06,0.0028383664
0.011607099,0.0042463057,2.0213081e-05,0.004495896
-0.001455918,0.0035450342,1.0102032e-05,0.0031783695
0.015763149,0.0032479505,9.202724e-06,0.0030335991
0.030874953,0.0035277975,1.6330021e-05,0.004041042
0.008979119,0.0032358244,5.9562044e-06,0.0024405336
0.014393663,0.0037203855,1.2754412e-05,0.003571332
0.00036706534,0.0035748314,9.38414e-06,0.0030633544
-0.009847153,0.004552001,1.5492402e-05,0.003936039
-0.0107876,0.0038317523,6.8378313e-06,0.0026149247
-0.0018468719,0.004026879,1.2037696e-05,0.0034695384
0.0019217808,0.003147633,1.0299061e-05,0.003209215
-0.018746372,0.004807101,2.2870367e-05,0.004782297
0.00020034068,0.0033604542,6.454256e-06,0.0025405227
-0.007738764,0.0029449123,7.460451e-06,0.0027313826
0.014916287,0.0040848637,7.740818e-06,0.0027822326
-0.01837407,0.0036631813,7.928744e-06,0.0028158026
-0.0013129896,0.0050488175,1.0788313e-05,0.0032845568
-0.0069120745,0.0036183046,9.515531e-06,0.0030847255
-0.013781699,0.0031498657,1.2506485e-05,0.003536451
-0.014014241,0.0038334883,7.797076e-06,0.0027923246
0.005336788,0.0041502626,1.7293947e-05,0.0041585993
0.011287727,0.0031566336,1.5828842e-05,0.0039785476
0.02202708,0.004419034,1.9693653e-05,0.004437753
0.0076114153,0.0035837058,1.6654762e-05,0.004081025
0.0,0.0031031708,5.6784997e-06,0.0023829604
0.0,0.0033604472,1.81115e-05,0.004255761
0.025327694,0.0043824534,1.3717917e-05,0.0037037707
0.00292862,0.0042700726,1.0240225e-05,0.003200035
-0.0003248984,0.003309005,1.4073568e-05,0.0037514756
-0.008196732,0.0035856953,1.0717231e-05,0.0032737183
-0.018265031,0.0041147275,1.2207369e-05,0.0034939046
0.018349335,0.0045285886,2.041781e-05,0.004518607
-0.0030944264,0.003996523,1.6233877e-05,0.0040291287
-0.029023746,0.0040043383,1.7127388e-05,0.0041385246
0.009899305,0.0039906693,1.857921e-05,0.0043103606
0.022340555,0.003436067,1.6361335e-05,0.0040449146
0.017667007,0.0031611503,1.1476731e-05,0.0033877324
-0.0019148904,0.0038688264,7.64177e-06,0.0027643752
0.0011327987,0.003581614,1.0214642e-05,0.0031960355
-0.006232539,0.004327797,2.429576e-05,0.0049290727
-0.004948883,0.0035294702,4.901105e-06,0.0022138439
0.025819581,0.0043389737,2.1552993e-05,0.00464252
0.0036760813,0.0041020913,1.2736116e-05,0.0035687697
0.0,0.0046884962,1.0701637e-05,0.0032713355
0.006701355,0.003528731,7.5649737e-06,0.0027504498
-0.00046685702,0.0036453328,1.34943e-05,0.003673459
0.00048482892,0.0042443895,1.3079285e-05,0.0036165295
0.0014980725,0.0031362881,1.0817e-05,0.0032889207
0.0014868289,0.0036404738,6.3652724e-06,0.0025229491
-0.007483473,0.003848688,9.524995e-06,0.0030862591
-0.008867453,0.0030576787,7.5942366e-06,0.0027557642
-0.010986592,0.003972815,1.6032445e-05,0.004004054
0.0018288464,0.0034429878,1.3301728e-05,0.0036471535
-0.014575887,0.0028805023,5.3092167e-06,0.0023041738
-0.003929886,0.003211976,8.513434e-06,0.002917779
-0.0049789245,0.004643131,1.3591601e-05,0.0036866788
0.014881285,0.004317458,1.8463197e-05,0.004296882
-0.030521877,0.0033145086,1.5111618e-05,0.0038873665
-0.056980364,0.002798844,2.2053497e-05,0.004696115
-0.0012339326,0.0035128838,1.2527474e-05,0.0035394172
0.014378221,0.003242196,1.846859e-05,0.00429751
0.007374714,0.0041861376,8.687398e-06,0.0029474392
-0.01910491,0.0032462566,2.0852476e-05,0.004566451
-0.007985473,0.00385678,9.243486e-06,0.0030403102
0.009316851,0.0028021492,1.3470425e-05,0.0036702077
-0.009082787,0.003745297,7.1794593e-06,0.0026794514
0.015353102,0.004413523,1.8819044e-05,0.004338092
-0.016258866,0.0043594674,1.2528972e-05,0.0035396288
0.023365637,0.0048275962,1.3967603e-05,0.0037373255
-0.0071769124,0.0042728973,1.8145487e-05,0.004259752
-0.007794078,0.0030883104,1.0813349e-05,0.0032883657
0.0016746202,0.0038556652,1.4940847e-05,0.003865339
-0.025862353,0.003631774,1.9858217e-05,0.004456256
-0.010637504,0.0038045507,1.600028e-05,0.004000035
0.018949963,0.002820333,1.0945046e-05,0.0033083297
0.00086131814,0.0037366303,1.1697374e-05,0.0034201425
0.007758982,0.0035641985,8.3973755e-06,0.0028978225
0.0,0.004842549,1.2952423e-05,0.0035989475
0.02778035,0.0044740373,2.1674145e-05,0.00465555
-0.008782083,0.0036805712,9.167016e-06,0.003027708
-0.0036887294,0.004362652,2.055455e-05,0.0045337128
-0.004828999,0.0037702092,1.0804677e-05,0.003287047
-0.016805705,0.003435787,1.5581776e-05,0.003947376
-0.0073547354,0.004157919,1.6850805e-05,0.0041049733
-0.007824569,0.004249826,1.6944572e-05,0.0041163787
-0.021456728,0.0027803495,9.84309e-06,0.0031373699
0.010696577,0.0037490767,1.40227385e-05,0.0037446946
0.017130027,0.003117525,8.246954e-06,0.002871751
-0.011213282,0.0031191246,1.2327076e-05,0.0035109934
0.01868107,0.0036427707,1.9524516e-05,0.0044186553
0.0016792932,0.00454626,2.604756e-05,0.0051036812
0.020365128,0.0033677125,1.077813e-05,0.0032830061
-0.0075770724,0.0032840436,6.238466e-06,0.0024976921
-0.0012633925,0.0036161684,8.73438e-06,0.0029553983
0.014249132,0.0031267658,6.8442746e-06,0.0026161564
-0.013925532,0.0031153199,5.552281e-06,0.0023563278
-0.00626762,0.0041741924,1.4540195e-05,0.0038131608
-0.0052737673,0.0034266382,1.5101307e-05,0.00388604
-0.0114900265,0.0038609917,1.6292497e-05,0.0040363967
-0.033089135,0.0032491514,8.999128e-06,0.0029998547
-0.036847755,0.003757136,1.2043114e-05,0.003470319
-0.012807855,0.0036565268,1.21764815e-05,0.0034894815
0.023446832,0.0033071167,1.4613154e-05,0.0038227155
-0.008566398,0.0032303887,7.683685e-06,0.0027719461
0.0014716183,0.003223938,1.5827047e-05,0.0039783223
0.009616395,0.003159791,7.3855717e-06,0.002717641
-0.018589882,0.003165845,1.2846327e-05,0.0035841772
-0.009854051,0.0043537095,2.0755853e-05,0.004555859
-0.020142464,0.0034297025,7.531811e-06,0.0027444146
0.018349499,0.0037082753,1.6925114e-05,0.0041140146
0.010743044,0.0036858798,1.2950478e-05,0.0035986772
0.005156407,0.0031667487,1.207891e-05,0.0034754726
-0.023455953,0.0035029817,1.1706093e-05,0.0034214167
-0.015956206,0.0037458101,1.39475815e-05,0.0037346461
0.021060541,0.0029916016,4.098582e-06,0.0020244955
-0.014117135,0.00405498,8.7981425e-06,0.0029661662
0.017990438,0.0036373467,7.19581e-06,0.0026825008
0.0040041665,0.0029493943,1.0873661e-05,0.0032975236
0.004178162,0.0046067294,1.7779033e-05,0.004216519
0.0,0.0022308126,6.2742015e-06,0.0025048356
0.006773508,0.0038057026,2.185469e-05,0.0046749
-0.01597068,0.0033283,7.005231e-06,0.0026467396
0.0023775818,0.0024207332,8.106784e-06,0.0028472415
-0.025199471,0.003539553,1.618528e-05,0.0040230933
-0.0052424273,0.0025376508,9.263192e-06,0.0030435491
0.027883725,0.0032461374,1.4508937e-05,0.00380906
0.009411277,0.002641812,6.508537e-06,0.0025511833
0.026332315,0.0037555334,1.4999561e-05,0.0038729268
0.009966769,0.003168353,6.9650264e-06,0.0026391337
-0.005393494,0.004225789,1.6720614e-05,0.004089085
0.0079234,0.003621693,9.026038e-06,0.0030043365
0.012831024,0.0031803406,7.452697e-06,0.0027299628
-0.0032749572,0.0030626487,8.010296e-06,0.0028302467
0.00061760045,0.0031853495,8.121247e-06,0.0028497803
-0.017447002,0.0034207737,9.364959e-06,0.003060222
-0.022021582,0.0027249437,9.289158e-06,0.003047812
0.036526576,0.0030807334,6.04273e-06,0.0024581966
0.019252468,0.002934469,1.1350003e-05,0.0033689765
0.011462985,0.003297727,9.632947e-06,0.0031036988
-0.0024772394,0.0043452526,1.4614918e-05,0.0038229462
0.00038392138,0.0036274896,7.590491e-06,0.0027550845
3.1100397e-05,0.0028216469,7.202398e-06,0.0026837285
0.0012337128,0.0032856318,7.635921e-06,0.002763317
0.003010258,0.003666583,1.34943075e-05,0.0036734599
0.014978659,0.0034916021,1.1583877e-05,0.0034035095
0.005975552,0.003227896,1.3309277e-05,0.0036481882
0.005034861,0.0031592161,5.401712e-06,0.0023241583
0.0144879185,0.0037732043,6.8737213e-06,0.0026217783
0.017346967,0.0027693328,5.61952e-06,0.0023705526
-0.015563012,0.0041343565,1.4766116e-05,0.0038426705
-0.004018382,0.0036088657,8.921825e-06,0.0029869424
9.9030085e-06,0.00318377,1.0512122e-05,0.0032422403
0.0066290786,0.0043301135,2.1021633e-05,0.0045849355
-0.012701878,0.0028034598,1.0056147e-05,0.003171143
0.0013593566,0.003585905,1.4287907e-05,0.0037799347
-0.009585061,0.0032589764,1.5767215e-05,0.0039707953
-0.015314642,0.004551092,1.5995842e-05,0.00399948
-0.004166313,0.0033472322,1.13539445e-05,0.0033695614
-0.010118367,0.0029738627,6.2226695e-06,0.002494528
0.004787667,0.004432766,6.942863e-06,0.0026349314
0.028154291,0.0030778362,6.9127973e-06,0.0026292198
0.007659844,0.0031209344,1.1097109e-05,0.0033312324
-0.0136380885,0.00376537,1.9531415e-05,0.004419436
-0.0059938338,0.0045335595,9.707324e-06,0.003115658
0.013207606,0.0031377187,1.924335e-05,0.0043867244
0.0113693755,0.0027386495,1.0073575e-05,0.0031738896
0.0010217761,0.0032112407,1.7211487e-05,0.004148673
-0.011317546,0.0033007076,9.038989e-06,0.003006491
-0.008176196,0.004056558,1.3640698e-05,0.0036933315
0.011050156,0.004082542,1.7209542e-05,0.0041484386
-0.009050306,0.003631876,8.669878e-06,0.0029444657
-0.018062107,0.0035533598,8.572245e-06,0.0029278395
-0.0017789925,0.0044466727,1.0889474e-05,0.0032999204
0.0024465905,0.0031021964,1.4548353e-05,0.0038142302
0.012955104,0.0038459192,9.57329e-06,0.0030940734
0.011207275,0.0035939214,1.3715853e-05,0.003703492
0.00513813,0.003736326,5.5697046e-06,0.0023600222
-0.002965752,0.00404476,1.4915052e-05,0.003862001
0.010524878,0.0030567262,7.1552117e-06,0.0026749228
0.0007319597,0.0032949576,3.4938897e-05,0.0059109135
-0.00078143965,0.0035274646,1.3779736e-05,0.0037121067
-0.010645343,0.003630191,8.415511e-06,0.00290095
0.012316353,0.003828489,1.4458047e-05,0.0038023738
-0.0044359188,0.0036312172,1.5054203e-05,0.0038799746
0.00050593895,0.002908119,1.00667085e-05,0.0031728076
-0.007736444,0.0036922079,1.1958915e-05,0.0034581665
-0.023258297,0.004134601,1.2090591e-05,0.0034771527
0.003339828,0.0032566807,1.1846451e-05,0.0034418674
-0.008941598,0.004159164,1.4984455e-05,0.003870976
0.012514328,0.003965,1.0615827e-05,0.0032581938
0.011064087,0.003678158,8.987825e-06,0.0029979702
-0.010688203,0.0034347624,1.3598125e-05,0.0036875636
0.003740609,0.002882024,1.3939051e-05,0.0037335039
-0.0104972655,0.0030713393,1.8669012e-05,0.0043207654
0.0137199545,0.0033591902,7.707502e-06,0.0027762388
-0.0037490162,0.0040554823,1.5261892e-05,0.003906647
-0.004169494,0.0039295983,1.9153355e-05,0.0043764547
0.008140399,0.0031467548,1.0110148e-05,0.0031796459
-0.015568948,0.0041024443,9.383725e-06,0.0030632867
0.004475976,0.003081262,6.448716e-06,0.0025394321
-0.02115515,0.0041040094,1.4665865e-05,0.0038296038
-0.0028576476,0.0044689984,1.636834e-05,0.0040457803
-0.012950595,0.0025623918,1.378918e-05,0.0037133784
0.012783515,0.0046124817,1.8193386e-05,0.004265371
0.017386451,0.003545928,9.792467e-06,0.0031292918
-0.008494868,0.004059735,2.0542904e-05,0.004532428
0.025796155,0.002982443,1.0736666e-05,0.0032766853
-0.0013225923,0.0040859263,2.0718358e-05,0.004551742
0.02896627,0.004671394,9.563865e-06,0.00309255
0.026173394,0.0032148915,3.0218973e-06,0.0017383605
0.0045788307,0.004266371,9.380561e-06,0.0030627702
-0.00811306,0.0040245797,8.093285e-06,0.0028448699
0.0015435582,0.003542508,1.3428128e-05,0.003664441
0.01351212,0.0038659924,9.43174e-06,0.0030711137
0.0138260415,0.003601405,1.0817974e-05,0.0032890688
0.010478451,0.004066132,2.1244854e-05,0.004609214
0.0019813315,0.0032885352,6.419552e-06,0.0025336836
-0.005529824,0.0046034814,1.621559e-05,0.0040268586
-0.091233276,0.003592668,9.103444e-06,0.0030171915
-0.0050224494,0.0035597032,8.458588e-06,0.002908365
-0.08132622,0.0046994085,2.1125965e-05,0.004596299
0.027782008,0.0044175712,1.4767937e-05,0.0038429073
0.043782905,0.0027345284,7.192835e-06,0.0026819461
-0.0068266355,0.002714944,1.5890399e-05,0.003986276
-0.0038105974,0.0042641787,1.2017663e-05,0.0034666501
0.0048463894,0.0034578072,7.6079696e-06,0.0027582548
0.0,0.0040824725,1.343802e-05,0.0036657904
0.0,0.003154962,2.9210798e-06,0.0017091167
-0.014200555,0.0038130777,1.25423085e-05,0.0035415122
-0.0041036494,0.0031024867,1.17341115e-05,0.003425509
-0.011079315,0.0039418335,1.3291427e-05,0.003645741
0.0029169698,0.0027656085,1.1202047e-05,0.0033469459
0.007402986,0.0035904255,5.604816e-06,0.0023674492
-0.021501815,0.002843023,8.59141e-06,0.0029311108
0.006779722,0.0041665267,6.3631114e-06,0.002522521
0.004530085,0.0037483687,1.0378204e-05,0.003221522
0.004530797,0.004095252,1.4072747e-05,0.003751366
-0.00316728,0.0033529198,9.18468e-06,0.0030306235
-0.013687307,0.003426963,4.2400507e-06,0.0020591384
0.013921499,0.0034235723,1.0827915e-05,0.0032905797
-0.008421936,0.0034880454,1.13278775e-05,0.0033656913
0.00047207306,0.003091563,5.9935282e-06,0.0024481684
-0.0010196635,0.0044360934,1.0190227e-05,0.0031922136
0.0,0.003041967,8.197641e-06,0.0028631524
0.019018896,0.004065686,1.0229121e-05,0.0031982996
-0.0061616823,0.0035926464,1.5374579e-05,0.003921043
-0.013404999,0.0036125989,9.920947e-06,0.0031497534
-0.008871259,0.0033702224,1.2928287e-05,0.0035955927
-0.015997458,0.004247201,1.347427e-05,0.0036707316
0.0,0.0036526215,1.2944354e-05,0.0035978262
0.009777422,0.0029462373,8.511081e-06,0.0029173759
-0.0060612154,0.003463259,9.5517635e-06,0.0030905928
0.0024660795,0.0035072085,7.38021e-06,0.0027166542
-0.006601039,0.0034249045,1.4700339e-05,0.003834102
0.02229611,0.0036120093,1.351086e-05,0.0036757123
0.011923141,0.003539127,1.1171042e-05,0.003342311
0.03727122,0.0035744223,1.262559e-05,0.0035532506
-0.0048232665,0.0033401833,1.6714603e-05,0.0040883496
0.00014425688,0.0037728539,8.291989e-06,0.0028795814
-0.016661044,0.0030305176,5.378482e-06,0.0023191555
0.013233121,0.004630484,1.6243703e-05,0.004030348
0.0,0.0035965368,6.2424324e-06,0.002498486
-0.016098462,0.0034807853,3.6350561e-06,0.0019065823
-0.012171657,0.004181609,1.4608206e-05,0.0038220682
0.008085219,0.0034532899,1.02501235e-05,0.0032015813
-0.012660097,0.0033968675,9.481366e-06,0.0030791827
-0.0011549914,0.0036919843,1.0125367e-05,0.0031820382
-0.014182223,0.0031837143,5.7154793e-06,0.002390707
-0.0039039818,0.0035872532,1.6208878e-05,0.004026025
-0.0007739817,0.0033891008,1.5310121e-05,0.003912815
-0.01660271,0.0038672525,1.8067367e-05,0.0042505725
-0.0011869292,0.0028316078,6.513408e-06,0.002552138
0.029325247,0.0031431392,1.6235226e-05,0.004029296
0.021118538,0.0032453232,6.2223367e-06,0.0024944611
0.0012233879,0.0028294807,9.728648e-06,0.0031190782
0.0,0.0032646572,1.0123415e-05,0.0031817316
0.0,0.003806287,1.277455e-05,0.0035741501
0.018041022,0.003577204,5.938572e-06,0.0024369184
0.00277058,0.004115685,1.4841773e-05,0.0038525022
-0.01727594,0.0042460165,1.7213762e-05,0.004148947
-0.022122698,0.0033850851,1.06812195e-05,0.0032682135
0.004083171,0.003401995,2.269679e-05,0.004764115
-0.0011129663,0.0038183022,1.1554932e-05,0.0033992545
-0.015483921,0.0037369144,9.097784e-06,0.0030162532
-0.010285216,0.003966838,1.6176444e-05,0.004021995
0.011078806,0.0038058213,1.4484427e-05,0.003805841
-0.0067704734,0.0037351507,1.1006303e-05,0.0033175747
0.03309586,0.0038170854,5.2958985e-06,0.002301282
-0.0032225507,0.003643924,7.553141e-06,0.0027482978
-0.012543276,0.0040513636,1.931133e-05,0.004394466
0.0110983,0.0029248255,1.24174085e-05,0.0035238343
0.056190908,0.0037477377,1.3613133e-05,0.0036895978
0.01317117,0.0040211184,1.5153539e-05,0.0038927547
0.010715781,0.0036584598,1.4143984e-05,0.003760849
0.003859421,0.0035548022,9.857459e-06,0.003139659
0.0046234187,0.0020165115,1.2856621e-05,0.003585613
-0.01649406,0.004069419,1.0174179e-05,0.0031896988
-0.010892393,0.0042179464,1.6262366e-05,0.004032662
0.016771564,0.0033296773,5.4505713e-06,0.002334646
0.016001424,0.0035237933,8.7162425e-06,0.0029523284
0.0026293492,0.0034647798,1.768662e-05,0.0042055463
-0.012922907,0.0034091321,6.9276593e-06,0.0026320447
0.0,0.003719017,1.3752537e-05,0.0037084413
-0.010222685,0.0033055726,1.8005521e-05,0.0042432914
0.0243227,0.0038001079,1.728632e-05,0.004157682
-0.00043401122,0.0041222004,1.4059408e-05,0.0037495878
0.023830563,0.0036236837,8.215902e-06,0.0028663394
-9.474855e-06,0.0048362766,2.0246052e-05,0.004499561
-0.002272693,0.0040388564,1.0178199e-05,0.003190329
0.009125544,0.0041217636,2.325145e-05,0.0048219757
-0.004359739,0.004196423,1.4582187e-05,0.003818663
-0.009488009,0.003862815,1.5257969e-05,0.003906145
-0.005211772,0.00397983,8.776768e-06,0.002962561
0.012479841,0.0041607902,1.7177637e-05,0.0041445913
0.011628226,0.0049144453,2.3977693e-05,0.0048967022
0.00035363325,0.0034446684,1.023514e-05,0.0031992404
0.009860924,0.0038391557,1.0823814e-05,0.0032899566
-0.00032253034,0.0042345054,7.2518174e-06,0.00269292
0.004689473,0.0037737382,9.77707e-06,0.0031268306
0.0050417525,0.004380403,1.148983e-05,0.0033896652
0.0015048855,0.0040677506,1.4032498e-05,0.0037459976
0.005969837,0.0037764546,1.3588526e-05,0.0036862618
-0.0076207356,0.0036534122,6.2731333e-06,0.0025046223
-0.0004107875,0.0033455733,1.7412343e-05,0.00417281
-0.011518232,0.004206813,1.8036659e-05,0.0042469585
0.0042405985,0.0043157735,2.4652945e-05,0.004965173
0.0054311533,0.0031182906,1.22122765e-05,0.0034946068
0.0029416871,0.003920576,2.1371301e-05,0.0046229106
0.015631713,0.0037473494,9.889394e-06,0.0031447408
0.015965713,0.003982729,1.0561135e-05,0.00324979
0.005153729,0.003922309,2.0247033e-05,0.00449967
0.009234161,0.0036104617,1.0558333e-05,0.0032493589
0.0045202533,0.0047649937,1.8514536e-05,0.0043028523
-0.01492459,0.0041330857,1.7683113e-05,0.004205129
0.00086236285,0.003614581,1.24907265e-05,0.0035342223
-0.0071237055,0.0038905772,1.27601725e-05,0.0035721383
-0.0007177928,0.0038030508,8.223977e-06,0.0028677476
-0.03633481,0.003939857,1.5961221e-05,0.00399515
-0.012935504,0.003787759,4.1346093e-06,0.0020333738
0.008457591,0.0041063977,1.4801525e-05,0.003847275
-0.009221565,0.0032036572,1.0276297e-05,0.0032056663
-0.026452359,0.0045788917,1.9370536e-05,0.004401197
0.0035059354,0.00391647,1.280764e-05,0.0035787763
0.00951016,0.0037844263,9.0295935e-06,0.0030049281
-0.019400435,0.0036610193,2.1869724e-05,0.004676508
-0.001050392,0.0040284363,6.700589e-06,0.0025885496
0.05881266,0.0032039243,9.6163385e-06,0.0031010222
0.01647224,0.004969927,1.6008958e-05,0.0040011196
-0.0015302419,0.0046959394,1.5945729e-05,0.0039932104
-0.010606094,0.00402758,2.3397333e-05,0.004837079
0.02205745,0.0034974578,8.040142e-06,0.0028355145
0.015253352,0.0036087793,6.084806e-06,0.0024667399
-0.011956318,0.004651384,1.1033731e-05,0.003321706
0.0030927423,0.004414323,1.42963845e-05,0.003781056
0.00094081816,0.004370222,1.1461345e-05,0.0033854607
-0.020099344,0.005196165,1.1800418e-05,0.0034351738
-0.009288701,0.0038347698,8.535716e-06,0.0029215948
-0.0032637992,0.0044064526,1.6591202e-05,0.00407323
0.01872111,0.003607143,1.2459155e-05,0.0035297528
-0.012339467,0.0042406432,2.4158018e-05,0.0049150805
-0.020428091,0.004134862,1.17079435e-05,0.0034216873
-0.011448031,0.004680768,1.8112401e-05,0.0042558666
0.0073506497,0.0054939156,2.3609795e-05,0.004858991
-0.005359191,0.004839022,1.7657036e-05,0.0042020273
-0.0027276836,0.00419045,2.0571219e-05,0.0045355507
-0.0006154228,0.0029116515,1.9985657e-05,0.004470532
-0.015435121,0.0046712533,1.6177428e-05,0.0040221172
-0.022978483,0.0039679254,1.6233897e-05,0.004029131
0.014253677,0.004275048,1.5603273e-05,0.003950098
-0.00899443,0.004133289,1.5256508e-05,0.003905958
-0.015744071,0.0031322902,1.4633428e-05,0.0038253663
0.026638402,0.0030410516,1.875925e-05,0.0043311953
-0.0016418983,0.0043154065,2.5300847e-05,0.005029995
0.00800248,0.003993061,1.0833068e-05,0.0032913627
0.0053876387,0.0041432073,1.0842308e-05,0.003292766
0.030953605,0.0038080297,1.0861652e-05,0.0032957022
-0.008111868,0.0048570987,1.0857208e-05,0.0032950277
0.0016294251,0.0046887803,2.2078988e-05,0.0046988283
0.0,0.004113164,1.2311275e-05,0.0035087427
-0.0031139865,0.004849687,1.7752345e-05,0.004213353
0.012307132,0.004497745,1.3531413e-05,0.003678507
0.008070196,0.00481845,1.2580337e-05,0.003546877
-0.013315702,0.004095408,1.0662115e-05,0.0032652894
0.005145277,0.0045119803,1.8393144e-05,0.0042887228
0.009336015,0.0038647351,8.943574e-06,0.0029905809
-0.013528815,0.0031917756,1.708211e-05,0.004133051
-0.012480876,0.004861269,1.3932669e-05,0.0037326491
-0.019892538,0.0040187137,1.4233142e-05,0.0037726837
0.0060705445,0.0043385937,1.8503684e-05,0.004301591
-0.0011566593,0.0040310016,1.4176709e-05,0.003765197
-0.0059355204,0.00355187,6.7548895e-06,0.002599017
0.012453196,0.0035965524,9.765914e-06,0.0031250461
0.0028469174,0.0037821468,1.4860777e-05,0.003854968
0.016207524,0.0049098204,1.8510875e-05,0.0043024267
0.0069275717,0.0040472304,1.7215396e-05,0.004149144
-0.0051865927,0.0032455944,8.147496e-06,0.002854382
-0.0032002733,0.0040064226,1.4289835e-05,0.00378019
-0.002832793,0.0037203336,9.120502e-06,0.003020017
0.00528205,0.0040528933,1.5660318e-05,0.003957312
0.0028178904,0.0050930344,2.238265e-05,0.0047310307
-0.0042848787,0.0034909549,9.213095e-06,0.003035308
0.019786958,0.0050752778,2.8021994e-05,0.0052935802
0.0006294964,0.004097885,1.619356e-05,0.0040241224
-0.007824861,0.0049032997,1.1251297e-05,0.0033542954
-0.010776528,0.0036252472,9.369713e-06,0.0030609986
0.008109211,0.0040620575,7.334897e-06,0.0027083014
0.01640803,0.0039742584,7.4110453e-06,0.0027223234
0.004360682,0.0048036864,1.2468089e-05,0.003531018
-0.0039674984,0.003559233,9.405958e-06,0.0030669135
0.0035491844,0.0032799083,4.442982e-06,0.0021078382
0.006884002,0.0040079136,9.328561e-06,0.0030542694
0.012737571,0.0036685562,6.0261295e-06,0.0024548175
-0.009427786,0.0038845756,7.4945065e-06,0.0027376097
-0.00547811,0.0046232836,1.3858987e-05,0.003722766
0.0042701876,0.0036060193,1.3492787e-05,0.0036732529
0.0005997955,0.0039560585,1.2518263e-05,0.0035381159
-0.0027193574,0.0041729696,1.5483336e-05,0.0039348872
-0.0018316682,0.0047008144,1.1457747e-05,0.0033849294
0.0043922407,0.003491489,6.049689e-06,0.0024596115
-0.00403802,0.004549525,1.9306743e-05,0.004393944
-0.012786815,0.0044898745,1.2541661e-05,0.0035414207
0.0061954954,0.0039643156,1.01523065e-05,0.0031862685
0.0036740862,0.004468012,1.5877178e-05,0.0039846175
0.020818101,0.0047887275,1.3449442e-05,0.003667348
0.017551837,0.0035912828,9.574502e-06,0.0030942692
0.027128235,0.0048922244,1.786985e-05,0.0042272746
0.0004157555,0.0035795805,9.385702e-06,0.0030636091
0.004909467,0.0039683906,1.8029432e-05,0.004246108
0.00930469,0.0036844187,2.1360152e-05,0.0046217046
0.0043997653,0.004584743,2.0881627e-05,0.004569642
0.010616795,0.0041857422,2.2010243e-05,0.0046915077
-0.001268342,0.003589618,2.4934252e-05,0.004993421
0.0069925124,0.0046106083,1.0833554e-05,0.0032914365
0.01685995,0.004424555,2.6672145e-05,0.0051645082
0.006247985,0.0033637783,2.7811451e-05,0.0052736565
0.0045315954,0.0042566853,1.3301633e-05,0.0036471405
-0.0060781585,0.004279757,8.609732e-06,0.0029342344
0.009640517,0.004137934,1.2221849e-05,0.003495976
0.010927141,0.0045294277,1.908396e-05,0.0043685194
0.014107961,0.004078691,3.400935e-05,0.005831754
-0.005349199,0.0055316174,1.3665325e-05,0.003696664
0.022660384,0.005032828,1.8589151e-05,0.0043115136
0.03111283,0.005499968,2.1884764e-05,0.0046781152
0.00052044465,0.0049109827,1.6915345e-05,0.0041128267
-0.015827376,0.004765743,1.1671255e-05,0.003416322
0.018497547,0.0034215644,1.5929618e-05,0.0039911927
0.0011452932,0.004234061,1.4393241e-05,0.0037938426
-0.021987587,0.003330157,1.9823094e-05,0.0044523133
-0.004949983,0.004398844,1.9616387e-05,0.004429039
0.023129376,0.004525886,1.8138171e-05,0.004258893
-0.0029961877,0.003838174,1.4878362e-05,0.003857248
-0.0006670482,0.004117696,1.1400433e-05,0.0033764527
0.028083652,0.00409023,1.5954625e-05,0.0039943242
1.4117549e-05,0.0037942303,1.4407033e-05,0.0037956596
0.011122107,0.004036032,1.5501442e-05,0.003937187
-0.007841365,0.004206684,1.1303782e-05,0.00336211
0.0022887893,0.004911956,2.1987991e-05,0.0046891356
-0.032478523,0.004643269,1.905531e-05,0.004365239
0.009366137,0.0040234,9.563552e-06,0.0030924994
0.009115758,0.004295261,9.815413e-06,0.003132956
-0.0007754836,0.004634725,1.3045934e-05,0.0036119155
-0.017293565,0.004577638,1.1468929e-05,0.0033865809
0.0049551255,0.0049389373,1.2424162e-05,0.0035247926
-0.011646635,0.0059299446,2.210135e-05,0.0047012074
-0.027447531,0.0053425278,1.6682572e-05,0.0040844306
-0.03143357,0.0040570353,1.0800132e-05,0.0032863554
0.000757426,0.004400857,1.0743218e-05,0.0032776848
0.0104297055,0.004335044,1.5603793e-05,0.0039501637
-0.022117777,0.005672368,1.6121177e-05,0.004015119
-0.007123036,0.0036843868,1.2706371e-05,0.0035645997
0.036614776,0.004476849,1.8027515e-05,0.004245882
0.001872923,0.0055861967,2.0550899e-05,0.00453331
0.0064711845,0.00436088,1.53402e-05,0.0039166566
-0.014648218,0.004660131,1.5744474e-05,0.0039679306
-0.0104570845,0.0049030627,1.3707256e-05,0.003702331
0.019936202,0.004158004,2.5503978e-05,0.0050501465
-0.0077850367,0.0034167923,1.0392924e-05,0.003223806
-0.0051523205,0.0039043636,1.3407677e-05,0.0036616495
0.0,0.004830195,1.3723962e-05,0.0037045865
0.009192959,0.004528662,1.3298703e-05,0.0036467388
-0.018239172,0.0042213816,2.147162e-05,0.004633748
0.002602926,0.004880108,2.0313712e-05,0.0045070737
-0.018435054,0.003556522,1.2896007e-05,0.0035911012
-0.002273281,0.0038795304,1.3912395e-05,0.0037299322
-0.0056703757,0.005168193,1.5342122e-05,0.003916902
0.012951908,0.0045352033,1.6475335e-05,0.004058982
0.01141922,0.00426753,8.463405e-06,0.002909193
0.00875739,0.004190827,9.954314e-06,0.003155046
-0.008873335,0.004391521,3.395749e-05,0.005827306
0.013505633,0.003685415,9.882106e-06,0.0031435816
-0.014650406,0.004555234,1.5232876e-05,0.0039029317
0.04651159,0.00429827,1.1481661e-05,0.00338846
0.011180703,0.0037565413,9.722766e-06,0.003118135
0.027722308,0.0049055913,1.9499044e-05,0.0044157724
-0.0010877039,0.0046070204,2.5032303e-05,0.0050032292
0.010169701,0.0044764266,1.6051552e-05,0.004006439
0.003528445,0.0027916972,2.3126217e-05,0.0048089726
-0.003605942,0.005060261,1.227366e-05,0.0035033785
0.026873047,0.004661183,1.0025165e-05,0.003166254
-0.0070856903,0.0062320675,1.5985743e-05,0.0039982176
-0.007588315,0.005647083,1.3854913e-05,0.0037222188
-0.0027794612,0.005295209,1.8966719e-05,0.0043550795
0.0,0.0044112657,1.4301848e-05,0.0037817785
